{
  "project_info": {
    "project_number": "1090368334890",
    "firebase_url": "https://citizen-bandung-reporting.firebaseio.com",
    "project_id": "citizen-bandung-reporting",
    "storage_bucket": "citizen-bandung-reporting.appspot.com"
  },
  "client": [
    {
      "client_info": {
        "mobilesdk_app_id": "1:1090368334890:android:880bdfb9d50bb4e7c22753",
        "android_client_info": {
          "package_name": "com.example.citizenbandungreporting"
        }
      },
      "oauth_client": [
        {
          "client_id": "1090368334890-lja971kd0q15evij1nh8ind9jr5effk8.apps.googleusercontent.com",
          "client_type": 3
        }
      ],
      "api_key": [
        {
          "current_key": "AIzaSyBHbFJWjrRXuGE4a4yBryfxBuiTYcn71cw"
        }
      ],
      "services": {
        "appinvite_service": {
          "other_platform_oauth_client": [
            {
              "client_id": "1090368334890-lja971kd0q15evij1nh8ind9jr5effk8.apps.googleusercontent.com",
              "client_type": 3
            }
          ]
        }
      }
    }
  ],
  "configuration_version": "1"
}